Product Name,Product Price,Product Reviews
Shop on eBay,$20.00,
Smart Watch Series 9 Pro - GPS + NFC (Men and Women iWatch 9),$55.80,
Google Pixel Watch 41mm GPS + WiFi + Bluetooth Gold Black Silver Watch Excellent,$114.99,6 product ratings - Google Pixel Watch 41mm GPS + WiFi + Bluetooth Gold Black Silver Watch Excellent
Apple Watch Series 9 - GPS + GSM Cellular 45mm Smart Watch - Excellent,$339.99,3 product ratings - Apple Watch Series 9 - GPS + GSM Cellular 45mm Smart Watch - Excellent
Samsung Galaxy Watch 5 40mm GPS + WiFi + Bluetooth R900 Smart Watch - Very Good,$116.99,2 product ratings - Samsung Galaxy Watch 5 40mm GPS + WiFi + Bluetooth R900 Smart Watch - Very Good
Smart Watch Men | Women Bluetooth Smart Watch Heart Rate Blood Pressure Monitor,$8.59 to $8.69,
Bluetooth Call Smart Watch Waterproof Heart Rate Fitness Tracker for Android IOS,$21.99,
Samsung Galaxy Fit3 SM-R390 Fitness Tracker - 101 Workouts modes - New,$79.95,
Bluetooth Smart Watch w/Camera Waterproof Phone Mate For Android iPhone Samsung,$11.65,
2023 Smart Watch For Men/Women Waterproof Smartwatch Bluetooth iPhone Samsung,$34.99,29 product ratings - 2023 Smart Watch For Men/Women Waterproof Smartwatch Bluetooth iPhone Samsung
Apple Watch Series 3 38mm 42mm GPS + WiFi + Bluetooth Gold Gray Silver - Good,$89.99,
Large Screen Bluetooth Smart Watch Phone Music Player Fitness Heart Rate Tracker,$51.29 to $52.39,
Military Smart Watch Rugged Tactical Fitness Tracker for Men(Answer/Make Calls),$32.99,
Samsung Galaxy Watch Active 2 - 40mm 44mm Bluetooth Black Gold Silver - Good,$36.99,
Apple Watch Series SE (2nd Gen) GPS +Cellular 40mm Smart Watch - Excellent,$169.99,5 product ratings - Apple Watch Series SE (2nd Gen) GPS +Cellular 40mm Smart Watch - Excellent
Apple Watch Series 9 - GPS + GSM Cellular 41mm Smart Watch - Excellent,$299.99,
2023 Smart Watch For Men/Women Waterproof Smartwatch Bluetooth iPhone Samsung,$29.00,29 product ratings - 2023 Smart Watch For Men/Women Waterproof Smartwatch Bluetooth iPhone Samsung
Fitness Smart Watch Activity Tracker Heart Rate For Women Men Oxygen BP Monitor,$9.89,
"Motorola Moto Watch 70 Health & Fitness Tracker Smartwatch, 43mm - Black",$49.99,
Bluetooth Smart Watch w/Camera Waterproof Phone Mate For Android Samsung iPhone,$12.79 to $13.89,
2024 Smart Watch For Men/Women Waterproof Smartwatch Bluetooth (Black),$27.98,
Apple Watch Series 3 38mm 42mm GPS + WiFi + Cellular Pink Gold Space Gray Silver,$89.99 to $114.99,
2023 Smart Watch For Men/Women Waterproof Smartwatch Bluetooth iPhone Samsung,$25.99,
2023 Smart Watch For Men/Women Waterproof-Smartwatch BluetoothSamsung/iPhone,$6.99 to $26.19,
Apple Watch Series 3 38mm 42mm GPS+ WIFI + LTE UNLOCKED Gold Gray Silver - Good,$93.99,148 product ratings - Apple Watch Series 3 38mm 42mm GPS+ WIFI + LTE UNLOCKED Gold Gray Silver - Good
2023 Smart Watch For Men/Women Waterproof Smartwatch Bluetooth iPhone Samsung,$32.20 to $34.80,
Apple Watch Series 6 40mm 44mm GPS+ WIFI + LTE UNLOCKED - All Colors - Good,$157.99,3 product ratings - Apple Watch Series 6 40mm 44mm GPS+ WIFI + LTE UNLOCKED - All Colors - Good
Samsung Galaxy Watch6 Classic SM-R960 (Bluetooth 47mm) Stainless Steel Case New,$309.95,
Smart Bracelet health steward-smart watch- heart rate monitor FAST SHIPPING,$4.95,
Sk27 Men's Smart Watch Touch Screen NFC With 3 Wrist Bands For Android iPhone,$39.56,
Large Screen 4G Smart Watch Android 9.0 4GB+64GB Heart Rate Monitor Wristwatch,$198.89,
Smart Watch For Men/Women Smartwatch Bluetooth Sport Watch For iPhone Samsung,$20.99,
Smart Watch For Men/Women Waterproof Smartwatch Bluetooth iPhone Samsung 2.02 In,$28.99,
Samsung Gear S3 Frontier 46mm R760 Steel Case (Black) SmartWatch,$36.99,2963 product ratings - Samsung Gear S3 Frontier 46mm R760 Steel Case (Black) SmartWatch
New Smart Watch Men Waterproof Smartwatch Bluetooth for iPhone Android Samsung,$30.98,
HK9 Pro MAX Smart Watch 9 Men's Women AMOLED HD Screen 2024 new Model,$32.99,
Samsung Gear S3 Frontier 46 mm Steel Case with Black Silicone Band Smart Watch,$39.99,2963 product ratings - Samsung Gear S3 Frontier 46 mm Steel Case with Black Silicone Band Smart Watch
Samsung Galaxy Watch 5 44mm GPS + WiFi + Bluetooth R910 Smart Watch - Very Good,$121.99,1 product rating - Samsung Galaxy Watch 5 44mm GPS + WiFi + Bluetooth R910 Smart Watch - Very Good
"Andriod Smart Watch, GPS Android Smartwatch, 4G LTE with 2.86"" Touch Screen D5F2",$134.99,
New ListingApple Watch Series 7 GPS 41mm Midnight Aluminum Case with Sport Band Smartwatch,$140.00,4 product ratings - Apple Watch Series 7 GPS 41mm Midnight Aluminum Case with Sport Band Smartwatch
"1.98"" Smart Watch for Men Women, 100+ Sports Modes Fitness Tracker with Heart Ra",$20.98,
Apple Watch Ultra GPS & Cellular 49mm Titanium Trail Alpine Loop Ocean Excellent,$479.99,
Original C20 Pro Smart Watch Men Military Smartwatch Sport Modes IP69K Tracker,$32.99,
Samsung Galaxy Watch 4 40mm GPS + WiFi + Bluetooth R860 Smart Watch - Very Good,$84.99,104 product ratings - Samsung Galaxy Watch 4 40mm GPS + WiFi + Bluetooth R860 Smart Watch - Very Good
Waterproof Bluetooth Smart Watch Phone Mate Heart Rate Tracker For iOS Android,$22.89,
Fitness Smart Watch Activity Tracker Heart Rate For Women Men Monitor Pedometer,$1.99 to $7.99,
Apple Watch Series 7 45mm GPS + WiFi + Cellular Unlocked Aluminum Case - Good,$194.99,4 product ratings - Apple Watch Series 7 45mm GPS + WiFi + Cellular Unlocked Aluminum Case - Good
KOSPET TANK T2 Ultra Military Smart Watch Bluetooth Health Monitor Fitness Track,$79.00,
New Smart Watch Men Waterproof Smartwatch Bluetooth - Iphone/Android ( Orange ),$29.99,
Apple Watch SE Series  (2nd Gen) GPS +Cellular 44mm Smart Watch - Excellent,$177.99,
Smart Watch For Men/Women Waterproof Smartwatch Bluetooth iPhone Samsung,$32.99,
Apple Watch Ultra 2 2nd Generation GPS & Cellular 49mm - Titanium - Excellent,$624.99,
Apple Watch Series 8 GPS + GSM Aluminum -  Cellular 41mm Smart Watch Excellent,$244.99,2 product ratings - Apple Watch Series 8 GPS + GSM Aluminum -  Cellular 41mm Smart Watch Excellent
Samsung Galaxy Watch 5 40mm GPS + WiFi + Bluetooth R900 Smart Watch - Excellent,$126.99,
Xiaomi Mi Band 8 Smart Bracelet AMOLED Heart Rate Fitness Tracker Watch,$29.99,
"NEW Huawei Watch GT 4 46mm BLACK 1.43"" AMOLED Bluetooth iOS Android Smartwatch",$296.00,
Apple Watch Series 5 40mm 44mm GPS+ WIFI + LTE UNLOCKED Gold Gray Silver - Good,$147.99,
Bluetooth Smart Watch w/Camera Waterproof Phone Mate For Android Samsung iPhone,$11.78,
New ListingSmart Watch For Men/Women Waterproof Smartwatch Bluetooth iPhone Samsung NEW,$6.99 to $25.99,
2023 Smart Watch For Men Waterproof GPS Smartwatch Bluetooth iPhone Samsung,$18.99,
Fossil Hybrid 42mm Black Case Dark Brown Leather Band Smartwatch (FTW7008),$75.00,
